complaint_id,customer_id,order_id,complaint_type,channel,severity,created_at,status,resolution_days,compensation_amount,complaint_resolved_flag,service_type,pickup_zone_clean,dropoff_zone_clean,order_value,order_created_at,delivery_status,hub_id,driver_id,is_bad_outcome,manual_route_override_count,customer_rating_post_delivery
CP0001,C0464,O00814,AppIssue,App,High,2025-03-30 02:36:00,Open,11,23.99,0,Passenger,East,Riverside,27.9,2025-03-26 02:36:00,OnTime,H05,D150,0.0,1.0,4.57
CP0002,C0056,O00628,MissedPickup,Phone,Medium,2024-11-07 10:05:00,Open,4,21.64,0,Passenger,Riverside,North,52.85,2024-10-26 10:05:00,Delayed,H08,D170,1.0,0.0,3.68
CP0003,C0469,O00384,Delay,Chatbot,High,2024-01-02 15:47:00,Open,16,26.41,0,Medical,Central,Central,12.58,2024-01-01 15:47:00,Delayed,H03,D103,1.0,0.0,3.51
CP0004,C0631,O00406,Delay,App,Medium,2025-01-14 13:07:00,AwaitingCustomer,7,23.44,0,Retail,Airport,Riverside,59.17,2025-01-05 13:07:00,OnTime,H06,D160,0.0,2.0,4.38
CP0005,C0535,O00154,Delay,Email,Medium,2024-08-31 05:56:00,Resolved,1,16.18,1,Business,North,Airport,105.88,2024-08-20 05:56:00,Delayed,H03,D137,1.0,0.0,2.62
CP0006,C0096,O00147,Delay,App,Medium,2024-07-22 07:43:00,Resolved,9,18.51,1,Retail,North,West,32.27,2024-07-12 07:43:00,OnTime,H01,D049,0.0,0.0,4.34
CP0007,C0597,O00981,MissedPickup,App,Medium,2025-01-15 21:57:00,Escalated,4,14.14,0,Medical,Airport,Riverside,107.45,2025-01-11 21:57:00,Delayed,H05,D062,1.0,1.0,4.52
CP0008,C0309,O00902,AppIssue,Email,High,2024-09-26 19:41:00,Resolved,18,0.0,1,Parcel,East,West,70.09,2024-09-22 19:41:00,Delayed,H05,D131,1.0,3.0,1.24
CP0009,C0340,O00011,Delay,App,Low,2025-08-16 04:19:00,Resolved,4,26.35,1,Parcel,West,Central,79.1,2025-08-04 04:19:00,,,,,,
CP0010,C0486,O00417,DriverBehaviour,Phone,Medium,2025-01-13 15:33:00,Open,1,6.32,0,Retail,South,Riverside,113.56,2025-01-10 15:33:00,OnTime,H01,D007,0.0,0.0,4.17
CP0011,C0618,O00437,Delay,App,Medium,2025-09-29 06:54:00,Open,15,19.97,0,Retail,Airport,Riverside,98.88,2025-09-25 06:54:00,OnTime,H02,D144,0.0,2.0,3.95
CP0012,C0362,O00504,AppIssue,Email,High,2024-09-20 22:57:00,Resolved,12,33.8,1,Parcel,Central,East,47.18,2024-09-20 22:57:00,,,,,,
CP0013,C0157,O00008,MissedPickup,Phone,Medium,2024-04-08 17:54:00,Resolved,8,15.77,1,Parcel,Riverside,Riverside,35.06,2024-04-03 17:54:00,OnTime,H03,D036,0.0,0.0,5.0
CP0014,C0545,O00980,Billing,Chatbot,Medium,2024-11-30 23:02:00,Resolved,14,7.08,1,Parcel,West,Riverside,510.06,2024-11-25 23:02:00,Delayed,H04,D098,1.0,1.0,1.83
CP0015,C0486,O00417,Delay,Chatbot,Low,2025-01-18 15:33:00,Open,4,0.0,0,Retail,South,Riverside,113.56,2025-01-10 15:33:00,OnTime,H01,D007,0.0,0.0,4.17
CP0016,C0234,O00013,MissedPickup,App,Medium,2024-03-30 22:11:00,Resolved,10,0.0,1,Retail,Airport,Central,302.7,2024-03-29 22:11:00,OnTime,H07,D163,0.0,2.0,3.74
CP0017,C0346,O01181,Delay,Phone,Medium,2024-03-06 23:10:00,Resolved,1,1.16,1,Retail,West,East,95.57,2024-02-23 23:10:00,OnTime,H04,D031,0.0,0.0,4.84
CP0018,C0100,O01151,MissedPickup,Chatbot,Medium,2024-07-05 12:48:00,Resolved,1,9.39,1,Retail,South,North,94.09,2024-06-26 12:48:00,OnTime,H03,D039,0.0,0.0,4.76
CP0019,C0228,O00702,AppIssue,App,Medium,2025-01-07 19:23:00,Resolved,1,19.24,1,Retail,East,Riverside,77.66,2024-12-28 19:23:00,OnTime,H07,D070,0.0,0.0,3.91
CP0020,C0371,O01043,DriverBehaviour,Phone,High,2024-08-04 17:26:00,Resolved,11,33.27,1,Retail,Central,Riverside,93.72,2024-07-31 17:26:00,,,,,,
CP0021,C0354,O00353,Delay,Chatbot,Medium,2024-01-09 05:14:00,Resolved,5,26.95,1,Business,West,Airport,135.85,2024-01-03 05:14:00,,,,,,
CP0022,C0516,O00117,Damage,Chatbot,Low,2024-06-18 09:38:00,AwaitingCustomer,10,15.62,0,Passenger,East,South,87.81,2024-06-10 09:38:00,OnTime,H06,D010,0.0,1.0,5.0
CP0023,C0193,O00953,DriverBehaviour,App,Low,2025-04-03 01:07:00,Resolved,14,0.93,1,Parcel,South,South,3.57,2025-03-26 01:07:00,,,,,,
CP0024,C0519,O00677,AppIssue,Chatbot,Medium,2024-03-11 05:19:00,Escalated,9,0.0,0,Passenger,East,West,79.31,2024-03-04 05:19:00,,,,,,
CP0025,C0617,O00654,Delay,App,Medium,2025-06-19 21:03:00,Resolved,4,11.64,1,Parcel,Central,Airport,47.22,2025-06-18 21:03:00,Delayed,H01,D068,1.0,1.0,2.94
CP0026,C0408,O00810,SupportExperience,App,Medium,2024-04-16 03:37:00,Resolved,13,18.44,1,Parcel,North,South,129.12,2024-04-16 03:37:00,OnTime,H04,D134,0.0,1.0,3.48
CP0027,C0626,O00948,Delay,Email,Low,2025-05-19 03:07:00,Resolved,1,2.18,1,Business,North,West,60.77,2025-05-14 03:07:00,Delayed,H02,D096,1.0,2.0,3.98
CP0028,C0242,O00920,Delay,Phone,Medium,2024-08-02 11:42:00,Resolved,1,13.31,1,Passenger,Riverside,East,74.71,2024-08-01 11:42:00,OnTime,H08,D009,0.0,0.0,4.91
CP0029,C0477,O00715,MissedPickup,Chatbot,Medium,2025-06-27 13:42:00,Resolved,9,4.01,1,Medical,Riverside,North,125.92,2025-06-17 13:42:00,OnTime,H01,D037,0.0,0.0,4.03
CP0030,C0529,O00682,Delay,Email,High,2024-10-07 09:57:00,Escalated,22,34.84,0,Retail,North,Central,97.9,2024-10-05 09:57:00,Delayed,H07,D141,1.0,0.0,2.66
CP0031,C0618,O00886,Billing,Phone,Medium,2024-12-11 11:04:00,Escalated,2,30.35,0,Passenger,East,Central,88.24,2024-12-11 11:04:00,OnTime,H05,D088,0.0,1.0,4.64
CP0032,C0185,O00051,Billing,Phone,Medium,2025-02-14 23:39:00,Resolved,7,7.09,1,Business,Airport,East,14.48,2025-02-07 23:39:00,,,,,,
CP0033,C0489,O00848,MissedPickup,App,Medium,2025-06-13 14:13:00,Resolved,8,34.92,1,Business,North,South,27.71,2025-06-03 14:13:00,OnTime,H05,D068,0.0,3.0,3.68
CP0034,C0070,O00105,DriverBehaviour,App,Medium,2024-07-13 20:33:00,AwaitingCustomer,1,4.09,0,Passenger,North,East,18.19,2024-07-09 20:33:00,OnTime,H06,D081,0.0,0.0,5.0
CP0035,C0206,O00650,Delay,Email,Low,2025-10-03 10:28:00,Resolved,5,0.0,1,Parcel,Riverside,Airport,39.65,2025-09-30 10:28:00,OnTime,H03,D078,0.0,2.0,3.8
CP0036,C0282,O00751,Delay,App,Medium,2024-07-08 00:51:00,AwaitingCustomer,2,42.3,0,Business,North,West,152.61,2024-06-26 00:51:00,OnTime,H03,D166,0.0,2.0,3.82
CP0037,C0561,O00270,MissedPickup,Chatbot,Medium,2025-11-05 15:25:00,AwaitingCustomer,18,7.33,0,Business,West,Central,140.61,2025-10-26 15:25:00,OnTime,H05,D157,0.0,0.0,4.41
CP0038,C0562,O00175,Delay,Chatbot,Medium,2025-12-19 19:13:00,Resolved,1,19.48,1,Business,Riverside,West,150.9,2025-12-19 19:13:00,OnTime,H05,D120,0.0,1.0,4.69
CP0039,C0231,O00797,Delay,Email,High,2025-03-28 04:08:00,Resolved,14,24.39,1,Passenger,Riverside,Riverside,47.39,2025-03-23 04:08:00,OnTime,H05,D086,0.0,2.0,5.0
CP0040,C0512,O00300,Delay,Email,High,2024-04-11 00:39:00,Resolved,9,0.0,1,Retail,Riverside,South,33.34,2024-04-02 00:39:00,OnTime,H02,D087,0.0,0.0,4.87
CP0041,C0146,O00744,MissedPickup,Chatbot,Medium,2025-04-27 03:30:00,Open,9,30.4,0,Retail,East,Riverside,33.49,2025-04-23 03:30:00,OnTime,H02,D024,0.0,0.0,3.8
CP0042,C0361,O00094,SupportExperience,Email,Medium,2024-10-06 03:41:00,Resolved,4,26.2,1,Parcel,Airport,North,62.08,2024-09-27 03:41:00,Delayed,H05,D077,1.0,2.0,3.11
CP0043,C0497,O00411,AppIssue,App,Medium,2025-04-16 21:05:00,Resolved,11,15.35,1,Business,Central,Central,71.11,2025-04-08 21:05:00,,,,,,
CP0044,C0549,O00838,MissedPickup,Email,High,2025-01-28 00:04:00,Resolved,11,25.0,1,Passenger,Central,Central,48.73,2025-01-25 00:04:00,OnTime,H07,D044,0.0,1.0,5.0
CP0045,C0599,O00421,DriverBehaviour,Email,Medium,2025-07-24 06:00:00,AwaitingCustomer,6,8.74,0,Parcel,Riverside,East,37.25,2025-07-23 06:00:00,OnTime,H08,D141,0.0,3.0,4.68
CP0046,C0269,O00573,MissedPickup,Email,High,2024-04-27 09:36:00,Resolved,9,60.3,1,Retail,Central,Central,150.38,2024-04-22 09:36:00,,,,,,
CP0047,C0012,O01157,AppIssue,Phone,Medium,2024-07-09 19:51:00,Resolved,11,19.21,1,Parcel,Riverside,East,123.37,2024-07-08 19:51:00,OnTime,H07,D068,0.0,1.0,4.43
CP0048,C0393,O00576,MissedPickup,Phone,High,2024-09-14 19:49:00,Resolved,22,22.5,1,Retail,South,South,113.92,2024-09-06 19:49:00,,,,,,
CP0049,C0146,O00126,DriverBehaviour,Email,Medium,2024-05-27 09:04:00,Resolved,4,19.76,1,Parcel,Airport,South,55.22,2024-05-26 09:04:00,Delayed,H01,D100,1.0,2.0,4.3
CP0050,C0163,O00955,DriverBehaviour,Phone,High,2025-01-11 14:30:00,Resolved,14,37.36,1,Passenger,Central,West,50.43,2025-01-04 14:30:00,Failed,H01,D092,1.0,0.0,2.54
CP0051,C0274,O00863,AppIssue,Phone,Medium,2025-09-22 18:41:00,Resolved,2,3.9,1,Passenger,Riverside,West,29.36,2025-09-17 18:41:00,OnTime,H07,D155,0.0,0.0,4.82
CP0052,C0157,O00115,SupportExperience,App,Low,2024-02-25 06:31:00,Escalated,3,0.0,0,Passenger,East,North,256.93,2024-02-21 06:31:00,OnTime,H06,D032,0.0,0.0,4.55
CP0053,C0543,O01236,SupportExperience,Phone,High,2025-05-29 22:57:00,Resolved,13,26.07,1,Business,South,Airport,156.71,2025-05-29 22:57:00,Delayed,H03,D075,1.0,0.0,2.34
CP0054,C0224,O00453,Delay,App,Medium,2024-12-07 12:49:00,Resolved,1,36.38,1,Retail,South,West,27.48,2024-12-04 12:49:00,OnTime,H07,D110,0.0,0.0,4.24
CP0055,C0186,O00836,MissedPickup,Chatbot,High,2025-09-23 16:20:00,Resolved,14,60.3,1,Passenger,South,North,45.9,2025-09-22 16:20:00,Failed,H08,D058,1.0,1.0,3.2
CP0056,C0368,O00737,Delay,Email,Low,2024-03-20 03:53:00,Open,9,7.02,0,Retail,Central,Central,117.82,2024-03-14 03:53:00,OnTime,H01,D164,0.0,1.0,4.7
CP0057,C0191,O00125,Delay,App,Medium,2025-09-23 16:27:00,Resolved,5,24.91,1,Retail,West,South,70.05,2025-09-17 16:27:00,,,,,,
CP0058,C0271,O00056,SupportExperience,App,Medium,2025-10-09 20:28:00,Escalated,1,10.06,0,Parcel,South,Central,160.35,2025-10-05 20:28:00,OnTime,H05,D150,0.0,2.0,3.98
CP0059,C0351,O00603,Delay,Email,High,2024-03-04 23:29:00,Resolved,11,59.75,1,Parcel,West,Riverside,66.39,2024-02-24 23:29:00,OnTime,H05,D016,0.0,0.0,4.05
CP0060,C0490,O00869,MissedPickup,App,Low,2024-03-05 05:39:00,Resolved,4,0.0,1,Parcel,Central,Riverside,59.8,2024-02-26 05:39:00,OnTime,H01,D144,0.0,0.0,3.56
CP0061,C0545,O00980,DriverBehaviour,Phone,Medium,2024-12-07 23:02:00,AwaitingCustomer,11,52.16,0,Parcel,West,Riverside,510.06,2024-11-25 23:02:00,Delayed,H04,D098,1.0,1.0,1.83
CP0062,C0162,O00367,Delay,Email,Low,2025-07-16 09:35:00,Resolved,14,0.0,1,Passenger,South,North,46.71,2025-07-11 09:35:00,,,,,,
CP0063,C0164,O01219,Billing,App,High,2025-06-28 09:52:00,Escalated,10,51.86,0,Passenger,North,Riverside,81.91,2025-06-20 09:52:00,,,,,,
CP0064,C0215,O00311,AppIssue,Chatbot,High,2024-11-30 00:06:00,Resolved,5,47.81,1,Medical,Central,South,167.59,2024-11-27 00:06:00,,,,,,
CP0065,C0162,O00367,AppIssue,Email,Low,2025-07-23 09:35:00,Resolved,5,18.74,1,Passenger,South,North,46.71,2025-07-11 09:35:00,,,,,,
CP0066,C0552,O00741,AppIssue,Email,Medium,2025-06-11 01:28:00,Resolved,10,25.09,1,Retail,Airport,North,72.44,2025-05-30 01:28:00,Delayed,H04,D156,1.0,1.0,
CP0067,C0599,O00954,MissedPickup,App,Low,2024-07-22 02:17:00,Resolved,6,0.0,1,Passenger,South,South,62.7,2024-07-14 02:17:00,Delayed,H04,D099,1.0,0.0,3.2
CP0068,C0166,O00743,Damage,App,Low,2024-02-13 01:34:00,Resolved,10,0.0,1,Retail,East,South,92.51,2024-02-03 01:34:00,,,,,,
CP0069,C0583,O00163,Delay,Chatbot,Medium,2025-06-20 18:36:00,Resolved,4,35.96,1,Parcel,Central,North,67.97,2025-06-09 18:36:00,,,,,,
CP0070,C0255,O00206,Delay,Phone,Medium,2025-12-20 14:25:00,Escalated,7,28.5,0,Parcel,South,East,20.86,2025-12-10 14:25:00,Failed,H01,D095,1.0,1.0,2.74
CP0071,C0092,O00870,Delay,Chatbot,Medium,2024-11-05 14:16:00,AwaitingCustomer,10,17.48,0,Passenger,South,Airport,144.13,2024-10-27 14:16:00,OnTime,H08,D067,0.0,0.0,4.47
CP0072,C0495,O00581,Billing,App,Medium,2025-12-10 05:52:00,Open,9,20.18,0,Passenger,North,South,138.33,2025-12-09 05:52:00,,,,,,
CP0073,C0331,O00073,Delay,App,Medium,2025-04-07 04:59:00,AwaitingCustomer,12,0.0,0,Passenger,Central,South,30.82,2025-03-31 04:59:00,Delayed,H05,D095,1.0,0.0,2.29
CP0074,C0475,O00268,Delay,Chatbot,High,2024-01-30 06:20:00,Resolved,7,0.0,1,Medical,West,West,71.4,2024-01-29 06:20:00,Delayed,H03,D124,1.0,3.0,2.49
CP0075,C0071,O00974,Delay,Phone,Low,2025-06-22 00:41:00,Resolved,1,7.08,1,Retail,East,Riverside,74.02,2025-06-11 00:41:00,OnTime,H03,D013,0.0,1.0,4.65
CP0076,C0028,O00290,MissedPickup,Chatbot,Low,2024-09-26 22:30:00,Open,15,0.0,0,Medical,Central,West,54.76,2024-09-21 22:30:00,,,,,,
CP0077,C0573,O00031,Billing,Email,High,2024-11-02 03:17:00,Resolved,13,58.46,1,Passenger,East,Airport,55.14,2024-10-25 03:17:00,Failed,H01,D165,1.0,1.0,1.41
CP0078,C0261,O01162,AppIssue,Email,Low,2025-06-09 10:51:00,AwaitingCustomer,1,18.23,0,Passenger,Riverside,East,89.31,2025-06-09 10:51:00,OnTime,H04,D102,0.0,0.0,4.18
CP0079,C0498,O00475,Delay,Chatbot,Medium,2024-11-11 06:08:00,Resolved,1,0.0,1,Passenger,Central,West,156.78,2024-11-08 06:08:00,,,,,,
CP0080,C0201,O00789,DriverBehaviour,App,Medium,2024-12-20 10:30:00,Resolved,6,18.79,1,Business,Central,Riverside,163.0,2024-12-11 10:30:00,OnTime,H08,D024,0.0,2.0,3.83
CP0081,C0051,O01085,Delay,App,Medium,2024-06-25 08:05:00,Open,1,19.53,0,Medical,Central,West,150.85,2024-06-15 08:05:00,,,,,,
CP0082,C0578,O00515,Delay,App,Medium,2024-02-06 10:24:00,Escalated,7,10.81,0,Retail,North,North,65.74,2024-02-03 10:24:00,OnTime,H05,D033,0.0,1.0,3.87
CP0083,C0586,O00098,DriverBehaviour,Email,Medium,2024-04-03 20:18:00,Escalated,5,3.16,0,Passenger,North,South,79.53,2024-04-03 20:18:00,,,,,,
CP0084,C0647,O00272,DriverBehaviour,Chatbot,Medium,2024-12-16 05:03:00,Resolved,9,27.67,1,Retail,Riverside,Central,55.63,2024-12-11 05:03:00,OnTime,H05,D127,0.0,2.0,4.06
CP0085,C0622,O00190,Delay,Phone,Low,2025-01-05 06:44:00,Escalated,17,18.19,0,Parcel,South,North,31.72,2024-12-28 06:44:00,OnTime,H01,D150,0.0,0.0,3.68
CP0086,C0627,O00496,SupportExperience,Phone,Medium,2024-06-25 15:14:00,Resolved,7,33.83,1,Passenger,South,Airport,117.66,2024-06-17 15:14:00,OnTime,H07,D109,0.0,0.0,4.32
CP0087,C0321,O01020,MissedPickup,Phone,Low,2024-11-03 02:18:00,Resolved,6,13.46,1,Retail,Airport,South,77.64,2024-10-23 02:18:00,Delayed,H04,D028,1.0,1.0,3.81
CP0088,C0180,O00285,DriverBehaviour,Phone,High,2025-01-13 13:22:00,Resolved,10,14.63,1,Business,North,North,106.65,2025-01-05 13:22:00,OnTime,H08,D149,0.0,2.0,4.67
CP0089,C0296,O01224,AppIssue,Email,Low,2024-06-12 12:40:00,Resolved,11,0.0,1,Passenger,Riverside,Central,136.16,2024-06-10 12:40:00,,,,,,
CP0090,C0123,O00333,MissedPickup,Phone,Medium,2025-04-06 05:27:00,Resolved,6,24.95,1,Medical,East,Central,71.97,2025-03-25 05:27:00,Failed,H07,D092,1.0,0.0,4.29
CP0091,C0331,O00652,Delay,Phone,Medium,2024-11-13 21:45:00,Resolved,4,0.0,1,Retail,South,West,35.54,2024-11-08 21:45:00,OnTime,H06,D158,0.0,1.0,4.35
CP0092,C0031,O00263,DriverBehaviour,Email,High,2024-03-02 02:04:00,Escalated,12,46.65,0,Parcel,West,Central,63.35,2024-02-19 02:04:00,OnTime,H06,D045,0.0,0.0,5.0
CP0093,C0436,O00832,Delay,App,Medium,2024-06-11 14:01:00,Resolved,2,16.98,1,Parcel,Central,Airport,99.75,2024-06-06 14:01:00,Delayed,H04,D063,1.0,1.0,1.15
CP0094,C0426,O00400,Billing,Chatbot,Low,2025-07-01 06:33:00,Resolved,12,10.94,1,Retail,North,East,145.15,2025-06-20 06:33:00,OnTime,H03,D113,0.0,0.0,3.87
CP0095,C0649,O01240,AppIssue,Chatbot,High,2025-10-11 14:51:00,Resolved,12,34.13,1,Passenger,East,East,178.86,2025-10-08 14:51:00,OnTime,H08,D012,0.0,0.0,4.47
CP0096,C0001,O00007,AppIssue,App,High,2024-05-12 21:32:00,Resolved,22,43.9,1,Business,Central,Airport,76.12,2024-05-05 21:32:00,Delayed,H06,D128,1.0,1.0,3.93
CP0097,C0282,O01227,DriverBehaviour,App,Medium,2024-11-07 10:32:00,Escalated,15,27.94,0,Medical,Central,North,95.27,2024-11-05 10:32:00,Failed,H06,D011,1.0,1.0,2.43
CP0098,C0482,O00335,MissedPickup,App,Medium,2024-01-31 03:09:00,Resolved,18,31.16,1,Passenger,North,Airport,227.61,2024-01-26 03:09:00,OnTime,H01,D152,0.0,0.0,5.0
CP0099,C0110,O00574,AppIssue,Email,Medium,2024-05-04 02:42:00,AwaitingCustomer,14,11.53,0,Retail,Riverside,North,59.99,2024-05-03 02:42:00,OnTime,H03,D031,0.0,2.0,4.64
CP0100,C0078,O00476,Damage,Phone,High,2024-02-28 06:34:00,AwaitingCustomer,25,42.71,0,Passenger,West,East,89.17,2024-02-23 06:34:00,OnTime,H06,D001,0.0,0.0,4.67
CP0101,C0119,O00511,DriverBehaviour,Phone,Medium,2024-06-17 09:58:00,Resolved,8,0.0,1,Parcel,West,West,150.89,2024-06-06 09:58:00,OnTime,H05,D078,0.0,1.0,3.76
CP0102,C0095,O00843,Delay,Chatbot,Medium,2024-03-08 21:34:00,Resolved,6,14.27,1,Medical,North,Riverside,84.18,2024-02-25 21:34:00,,,,,,
CP0103,C0378,O00443,AppIssue,Chatbot,Low,2025-10-23 00:06:00,Resolved,11,11.6,1,Parcel,North,Riverside,63.8,2025-10-20 00:06:00,OnTime,H08,D093,0.0,0.0,4.39
CP0104,C0257,O00602,AppIssue,App,Medium,2025-12-15 09:57:00,Resolved,1,0.0,1,Passenger,Central,Airport,127.09,2025-12-11 09:57:00,Delayed,H07,D019,1.0,0.0,3.47
CP0105,C0538,O00129,MissedPickup,Chatbot,Medium,2024-12-19 02:28:00,Resolved,10,30.85,1,Retail,Central,North,63.08,2024-12-12 02:28:00,Failed,H01,D167,1.0,0.0,2.59
CP0106,C0595,O00145,AppIssue,Chatbot,Medium,2024-11-10 10:33:00,Resolved,6,11.23,1,Business,North,Riverside,35.95,2024-11-02 10:33:00,OnTime,H03,D088,0.0,1.0,5.0
CP0107,C0396,O01024,Delay,Email,High,2025-12-23 16:37:00,Escalated,7,33.22,0,Passenger,North,West,129.76,2025-12-23 16:37:00,,,,,,
CP0108,C0595,O00561,Delay,Chatbot,Medium,2025-06-02 08:23:00,Resolved,1,13.57,1,Retail,Central,Airport,86.87,2025-06-02 08:23:00,Delayed,H07,D162,1.0,1.0,3.96
CP0109,C0626,O00314,MissedPickup,Email,High,2025-02-22 21:55:00,Resolved,9,34.05,1,Medical,East,East,39.37,2025-02-15 21:55:00,,,,,,
CP0110,C0564,O00950,AppIssue,Phone,Medium,2025-05-29 02:25:00,AwaitingCustomer,8,12.12,0,Passenger,South,Airport,82.99,2025-05-18 02:25:00,,,,,,
CP0111,C0051,O00112,AppIssue,Chatbot,Medium,2024-09-17 07:03:00,Resolved,5,12.4,1,Passenger,Central,West,86.44,2024-09-16 07:03:00,OnTime,H07,D130,0.0,3.0,3.11
CP0112,C0421,O00586,MissedPickup,App,High,2024-04-09 07:09:00,AwaitingCustomer,7,45.85,0,Parcel,Central,West,31.49,2024-03-31 07:09:00,OnTime,H07,D016,0.0,0.0,
CP0113,C0174,O00227,MissedPickup,App,Low,2025-08-13 20:06:00,Resolved,5,5.7,1,Business,Airport,North,21.79,2025-08-08 20:06:00,,,,,,
CP0114,C0480,O01104,MissedPickup,Phone,Medium,2024-09-27 16:27:00,Open,5,0.0,0,Parcel,East,Riverside,55.13,2024-09-21 16:27:00,OnTime,H04,D090,0.0,0.0,4.51
CP0115,C0369,O00709,MissedPickup,Phone,Medium,2025-12-14 03:49:00,Open,1,32.02,0,Medical,North,Airport,49.66,2025-12-09 03:49:00,OnTime,H04,D117,0.0,1.0,4.69
CP0116,C0287,O00178,Damage,App,Low,2024-03-31 19:55:00,Escalated,3,18.49,0,Medical,East,South,55.9,2024-03-30 19:55:00,OnTime,H01,D073,0.0,3.0,4.19
CP0117,C0560,O00831,Delay,Phone,High,2025-03-07 08:02:00,Resolved,11,35.62,1,Business,Riverside,Central,130.28,2025-02-27 08:02:00,Failed,H01,D005,1.0,2.0,2.73
CP0118,C0272,O00541,Delay,Chatbot,Low,2024-11-11 02:46:00,AwaitingCustomer,3,10.75,0,Retail,West,East,126.42,2024-11-01 02:46:00,,,,,,
CP0119,C0142,O00795,Delay,Email,Medium,2025-06-22 13:49:00,AwaitingCustomer,12,0.0,0,Retail,Riverside,Central,42.52,2025-06-15 13:49:00,,,,,,
CP0120,C0558,O00005,MissedPickup,Phone,Medium,2025-02-25 19:32:00,Resolved,8,54.41,1,Retail,Riverside,South,125.58,2025-02-17 19:32:00,OnTime,H03,D054,0.0,1.0,4.38
CP0121,C0421,O00219,Billing,Phone,Medium,2024-06-05 23:42:00,Resolved,9,27.42,1,Passenger,East,South,62.84,2024-05-29 23:42:00,OnTime,H06,D012,0.0,0.0,4.29
CP0122,C0619,O00919,AppIssue,Email,High,2025-02-09 07:06:00,AwaitingCustomer,9,35.13,0,Retail,Riverside,North,229.93,2025-02-01 07:06:00,Failed,H04,D027,1.0,1.0,1.68
CP0123,C0361,O01222,DriverBehaviour,App,High,2025-09-20 01:14:00,Resolved,23,33.77,1,Retail,North,East,105.79,2025-09-10 01:14:00,OnTime,H08,D156,0.0,1.0,4.66
CP0124,C0077,O00023,SupportExperience,Phone,Low,2025-10-16 04:59:00,Resolved,7,0.0,1,Passenger,North,North,122.25,2025-10-05 04:59:00,Failed,H08,D133,1.0,0.0,2.38
CP0125,C0647,O01036,AppIssue,App,Low,2024-03-06 19:43:00,Resolved,2,3.4,1,Medical,Central,North,66.82,2024-02-28 19:43:00,OnTime,H06,D026,0.0,1.0,4.27
CP0126,C0093,O00369,Delay,App,Medium,2024-10-04 12:27:00,Open,15,12.62,0,Business,Central,Riverside,70.75,2024-10-02 12:27:00,Failed,H02,D036,1.0,2.0,4.45
CP0127,C0368,O00737,AppIssue,App,Medium,2024-03-17 03:53:00,Resolved,6,1.15,1,Retail,Central,Central,117.82,2024-03-14 03:53:00,OnTime,H01,D164,0.0,1.0,4.7
CP0128,C0142,O00795,MissedPickup,Email,Medium,2025-06-17 13:49:00,Escalated,6,16.5,0,Retail,Riverside,Central,42.52,2025-06-15 13:49:00,,,,,,
CP0129,C0476,O00686,Delay,Phone,Medium,2025-01-13 12:20:00,Resolved,4,21.23,1,Retail,East,South,72.67,2025-01-05 12:20:00,Failed,H03,D133,1.0,1.0,3.09
CP0130,C0581,O00618,Delay,Email,High,2025-11-27 10:42:00,AwaitingCustomer,12,24.38,0,Parcel,Central,South,41.64,2025-11-19 10:42:00,Failed,H05,D017,1.0,4.0,2.82
CP0131,C0583,O00452,Delay,Email,High,2025-12-09 09:35:00,Open,14,32.48,0,Passenger,Central,Central,56.63,2025-11-27 09:35:00,Failed,H04,D104,1.0,1.0,3.69
CP0132,C0552,O00368,AppIssue,Phone,High,2024-12-10 22:26:00,Resolved,6,41.06,1,Business,Central,North,89.38,2024-12-04 22:26:00,OnTime,H05,D080,0.0,3.0,3.98
CP0133,C0480,O01104,Delay,App,High,2024-09-21 16:27:00,Open,15,38.76,0,Parcel,East,Riverside,55.13,2024-09-21 16:27:00,OnTime,H04,D090,0.0,0.0,4.51
CP0134,C0325,O00167,Delay,Phone,Low,2024-04-29 20:46:00,Resolved,6,21.16,1,Medical,East,East,24.78,2024-04-27 20:46:00,OnTime,H07,D146,0.0,0.0,3.37
CP0135,C0610,O00782,Delay,App,Medium,2024-04-28 01:47:00,Escalated,12,21.82,0,Passenger,South,South,37.19,2024-04-17 01:47:00,OnTime,H06,D043,0.0,0.0,5.0
CP0136,C0412,O00711,Delay,Chatbot,Low,2024-12-15 12:25:00,Resolved,3,0.0,1,Passenger,South,South,69.11,2024-12-15 12:25:00,OnTime,H06,D105,0.0,1.0,4.67
CP0137,C0549,O00838,DriverBehaviour,App,Medium,2025-02-04 00:04:00,Resolved,1,14.08,1,Passenger,Central,Central,48.73,2025-01-25 00:04:00,OnTime,H07,D044,0.0,1.0,5.0
CP0138,C0400,O00296,Damage,Phone,High,2024-01-18 17:30:00,Escalated,6,31.84,0,Retail,South,North,10.85,2024-01-10 17:30:00,OnTime,H04,D129,0.0,0.0,4.54
CP0139,C0368,O00750,SupportExperience,Phone,High,2024-02-05 07:49:00,Resolved,16,46.47,1,Retail,North,South,62.8,2024-02-01 07:49:00,Failed,H08,D100,1.0,3.0,2.94
CP0140,C0177,O00062,MissedPickup,Email,High,2025-08-01 08:11:00,Resolved,11,61.45,1,Passenger,West,Airport,45.44,2025-07-26 08:11:00,,,,,,
CP0141,C0591,O01046,DriverBehaviour,App,Medium,2026-01-07 11:24:00,Resolved,6,11.71,1,Retail,South,East,169.64,2025-12-26 11:24:00,,,,,,
CP0142,C0476,O00087,AppIssue,Chatbot,Low,2024-11-19 14:07:00,Resolved,3,8.27,1,Business,South,North,56.73,2024-11-12 14:07:00,Delayed,H08,D165,1.0,2.0,2.7
CP0143,C0508,O00717,SupportExperience,Phone,Medium,2024-12-18 21:04:00,Open,3,16.43,0,Retail,East,South,72.1,2024-12-12 21:04:00,OnTime,H01,D155,0.0,0.0,4.6
CP0144,C0078,O01121,Delay,Chatbot,High,2024-06-14 05:59:00,Resolved,10,58.9,1,Retail,Central,South,73.49,2024-06-03 05:59:00,OnTime,H07,D074,0.0,2.0,4.29
CP0145,C0436,O01065,AppIssue,Email,Low,2024-07-25 11:49:00,Resolved,3,21.27,1,Parcel,South,South,35.51,2024-07-20 11:49:00,,,,,,
CP0146,C0001,O00666,Delay,Phone,Medium,2025-09-01 20:17:00,Resolved,4,0.0,1,Parcel,Airport,Central,185.32,2025-08-26 20:17:00,OnTime,H04,D011,0.0,3.0,4.21
CP0147,C0383,O01172,DriverBehaviour,Phone,High,2024-09-29 19:02:00,Open,15,33.52,0,Medical,North,Riverside,111.98,2024-09-17 19:02:00,Failed,H08,D105,1.0,0.0,4.37
CP0148,C0189,O01232,Damage,Phone,Medium,2024-01-22 20:35:00,Escalated,9,11.0,0,Passenger,West,East,55.4,2024-01-18 20:35:00,OnTime,H03,D045,0.0,1.0,3.5
CP0149,C0550,O00425,AppIssue,Phone,Medium,2024-11-27 08:15:00,Resolved,10,38.03,1,Passenger,Airport,East,78.8,2024-11-27 08:15:00,OnTime,H08,D030,0.0,3.0,5.0
CP0150,C0546,O00458,Damage,App,High,2025-04-18 01:52:00,Escalated,16,15.85,0,Parcel,Central,East,87.24,2025-04-10 01:52:00,Delayed,H03,D027,1.0,0.0,3.8
CP0151,C0574,O00729,MissedPickup,Phone,Medium,2026-01-02 22:24:00,Resolved,1,0.0,1,Parcel,East,East,51.28,2025-12-22 22:24:00,,,,,,
CP0152,C0023,O01101,Delay,App,Low,2024-01-16 06:59:00,Resolved,14,27.41,1,Parcel,Riverside,North,38.39,2024-01-14 06:59:00,OnTime,H07,D131,0.0,2.0,5.0
CP0153,C0119,O00511,DriverBehaviour,Chatbot,Medium,2024-06-18 09:58:00,Resolved,8,20.06,1,Parcel,West,West,150.89,2024-06-06 09:58:00,OnTime,H05,D078,0.0,1.0,3.76
CP0154,C0630,O00282,Delay,App,Medium,2024-01-28 04:13:00,Open,7,0.0,0,Parcel,South,West,207.38,2024-01-20 04:13:00,Delayed,H05,D058,1.0,0.0,
CP0155,C0613,O00999,AppIssue,Email,Medium,2024-07-05 10:26:00,Escalated,6,18.06,0,Retail,Riverside,South,170.69,2024-06-30 10:26:00,OnTime,H03,D089,0.0,0.0,3.73
CP0156,C0372,O00943,AppIssue,Chatbot,Medium,2025-05-01 08:55:00,Resolved,1,0.0,1,Passenger,North,West,157.16,2025-04-28 08:55:00,,,,,,
CP0157,C0169,O00998,AppIssue,App,Low,2024-12-06 01:26:00,AwaitingCustomer,2,31.26,0,Parcel,North,South,23.86,2024-11-25 01:26:00,,,,,,
CP0158,C0110,O01131,Delay,App,Low,2024-08-20 14:20:00,Resolved,2,0.0,1,Medical,Airport,North,150.77,2024-08-15 14:20:00,,,,,,
CP0159,C0372,O00348,Delay,App,High,2025-03-16 22:06:00,Escalated,15,34.82,0,Parcel,North,South,58.25,2025-03-16 22:06:00,OnTime,H04,D047,0.0,0.0,2.89
CP0160,C0248,O01134,Delay,Phone,Medium,2025-04-12 23:59:00,AwaitingCustomer,9,25.69,0,Retail,Central,South,87.01,2025-04-02 23:59:00,,,,,,
CP0161,C0107,O01080,Billing,Email,High,2025-05-01 10:04:00,Open,9,46.94,0,Passenger,Central,North,65.57,2025-04-26 10:04:00,,,,,,
CP0162,C0138,O00801,MissedPickup,Phone,Medium,2024-04-02 14:49:00,AwaitingCustomer,6,22.27,0,Retail,South,North,111.28,2024-03-29 14:49:00,OnTime,H02,D123,0.0,1.0,4.79
CP0163,C0326,O00045,Billing,App,Medium,2024-02-19 18:38:00,Open,3,11.17,0,Parcel,South,Airport,56.64,2024-02-13 18:38:00,OnTime,H03,D024,0.0,1.0,4.74
CP0164,C0062,O00468,Delay,Chatbot,Medium,2024-04-01 10:24:00,Resolved,13,3.0,1,Retail,East,South,22.82,2024-03-29 10:24:00,OnTime,H01,D125,0.0,1.0,3.65
CP0165,C0161,O00003,AppIssue,Phone,Medium,2025-09-07 14:37:00,Open,2,8.66,0,Passenger,West,Airport,33.5,2025-09-02 14:37:00,Delayed,H02,D041,1.0,2.0,3.7
CP0166,C0465,O00910,DriverBehaviour,Phone,Medium,2025-08-01 03:46:00,Open,11,18.57,0,Business,North,North,159.86,2025-07-24 03:46:00,OnTime,H06,D146,0.0,0.0,3.63
CP0167,C0578,O00837,Damage,Chatbot,Low,2024-04-26 16:50:00,Resolved,1,11.75,1,Parcel,East,West,35.47,2024-04-18 16:50:00,Failed,H02,D110,1.0,0.0,3.96
CP0168,C0628,O00752,DriverBehaviour,Email,Medium,2025-06-01 08:27:00,Resolved,10,30.4,1,Retail,Riverside,Central,119.26,2025-05-31 08:27:00,,,,,,
CP0169,C0419,O00879,MissedPickup,App,Medium,2025-07-08 00:21:00,Resolved,9,11.78,1,Medical,South,West,123.72,2025-07-04 00:21:00,OnTime,H07,D119,0.0,0.0,4.79
CP0170,C0242,O00512,DriverBehaviour,App,High,2024-10-01 10:35:00,Resolved,16,54.34,1,Parcel,North,Central,10.74,2024-09-21 10:35:00,Delayed,H05,D164,1.0,0.0,5.0
CP0171,C0020,O00880,AppIssue,Phone,Medium,2024-08-30 17:56:00,Escalated,14,18.37,0,Parcel,South,North,51.19,2024-08-24 17:56:00,OnTime,H04,D054,0.0,2.0,3.89
CP0172,C0629,O00216,Delay,App,Low,2025-05-20 10:14:00,Resolved,11,0.0,1,Retail,North,West,220.83,2025-05-10 10:14:00,,,,,,
CP0173,C0212,O00544,Delay,App,Medium,2024-06-25 19:25:00,Resolved,3,52.43,1,Retail,Central,West,53.15,2024-06-14 19:25:00,OnTime,H04,D099,0.0,1.0,4.52
CP0174,C0116,O00594,DriverBehaviour,Chatbot,High,2024-03-16 19:40:00,Open,9,0.0,0,Retail,Central,East,149.86,2024-03-11 19:40:00,OnTime,H02,D151,0.0,3.0,3.25
CP0175,C0317,O00551,Damage,Phone,Low,2024-06-19 11:10:00,Escalated,11,11.99,0,Retail,Central,East,82.67,2024-06-16 11:10:00,OnTime,H02,D143,0.0,0.0,4.43
CP0176,C0073,O00309,Delay,Chatbot,Medium,2025-10-20 11:57:00,Resolved,6,36.04,1,Parcel,South,Airport,175.54,2025-10-13 11:57:00,,,,,,
CP0177,C0046,O00839,Delay,Chatbot,Low,2024-02-09 17:41:00,Resolved,2,14.06,1,Parcel,Riverside,West,229.63,2024-01-31 17:41:00,OnTime,H01,D129,0.0,2.0,3.97
CP0178,C0279,O01244,Delay,Phone,High,2025-03-14 06:32:00,Resolved,10,0.0,1,Passenger,Airport,North,58.93,2025-03-06 06:32:00,,,,,,
CP0179,C0509,O00441,AppIssue,App,Low,2025-04-12 12:25:00,Resolved,1,16.17,1,Passenger,East,Central,77.58,2025-04-01 12:25:00,OnTime,H07,D133,0.0,0.0,4.29
CP0180,C0485,O00378,Damage,Chatbot,High,2024-04-07 19:50:00,Escalated,18,38.34,0,Retail,North,North,172.56,2024-03-29 19:50:00,,,,,,
CP0181,C0384,O00965,SupportExperience,Chatbot,Medium,2024-10-04 14:59:00,Open,3,31.97,0,Passenger,East,North,76.97,2024-09-28 14:59:00,Failed,H08,D143,1.0,3.0,2.96
CP0182,C0012,O01157,AppIssue,Phone,Low,2024-07-09 19:51:00,Open,12,15.45,0,Parcel,Riverside,East,123.37,2024-07-08 19:51:00,OnTime,H07,D068,0.0,1.0,4.43
CP0183,C0122,O00259,SupportExperience,Chatbot,Medium,2025-09-13 09:55:00,Escalated,4,20.4,0,Retail,South,East,172.55,2025-09-09 09:55:00,OnTime,H05,D055,0.0,2.0,5.0
CP0184,C0025,O00161,MissedPickup,Phone,Medium,2024-08-20 17:36:00,Open,3,19.47,0,Parcel,South,Airport,123.09,2024-08-19 17:36:00,OnTime,H03,D015,0.0,0.0,4.66
CP0185,C0100,O01151,MissedPickup,Email,Medium,2024-07-03 12:48:00,Resolved,6,5.59,1,Retail,South,North,94.09,2024-06-26 12:48:00,OnTime,H03,D039,0.0,0.0,4.76
CP0186,C0391,O00817,Delay,App,Medium,2026-01-02 07:45:00,AwaitingCustomer,13,13.55,0,Retail,North,South,208.48,2025-12-31 07:45:00,OnTime,H05,D087,0.0,1.0,4.04
CP0187,C0259,O00351,Delay,Email,Low,2024-04-27 03:31:00,Escalated,10,1.93,0,Parcel,Airport,West,20.77,2024-04-22 03:31:00,OnTime,H01,D038,0.0,2.0,4.04
CP0188,C0139,O00404,Billing,Phone,Low,2025-10-19 20:55:00,Resolved,7,8.19,1,Passenger,South,Airport,213.39,2025-10-17 20:55:00,OnTime,H01,D160,0.0,0.0,3.16
CP0189,C0517,O00166,Delay,Chatbot,Medium,2025-06-08 17:32:00,Resolved,9,19.84,1,Passenger,East,South,76.66,2025-05-30 17:32:00,Delayed,H03,D115,1.0,1.0,4.06
CP0190,C0138,O00801,Damage,App,Low,2024-03-31 14:49:00,AwaitingCustomer,6,7.16,0,Retail,South,North,111.28,2024-03-29 14:49:00,OnTime,H02,D123,0.0,1.0,4.79
CP0191,C0358,O00840,Delay,Phone,Medium,2024-04-07 16:35:00,Open,11,14.02,0,Passenger,South,East,142.01,2024-03-28 16:35:00,OnTime,H08,D119,0.0,2.0,5.0
CP0192,C0032,O00440,AppIssue,Email,Medium,2024-12-15 02:05:00,Resolved,2,18.72,1,Passenger,East,East,56.81,2024-12-03 02:05:00,Failed,H08,D077,1.0,0.0,5.0
CP0193,C0612,O00467,Delay,Phone,Medium,2024-10-13 16:16:00,AwaitingCustomer,1,15.83,0,Passenger,North,South,193.9,2024-10-08 16:16:00,,,,,,
CP0194,C0172,O00330,MissedPickup,App,Medium,2025-04-11 06:37:00,Resolved,1,6.47,1,Medical,West,Riverside,49.61,2025-04-08 06:37:00,,,,,,
CP0195,C0110,O01131,Delay,Phone,High,2024-08-18 14:20:00,Open,8,32.61,0,Medical,Airport,North,150.77,2024-08-15 14:20:00,,,,,,
CP0196,C0505,O01135,Damage,Phone,Medium,2024-11-20 19:03:00,Resolved,12,22.87,1,Parcel,West,West,103.41,2024-11-18 19:03:00,,,,,,
CP0197,C0611,O00128,Delay,Phone,Medium,2026-01-04 13:56:00,AwaitingCustomer,9,0.0,0,Medical,Airport,Airport,136.66,2025-12-28 13:56:00,Delayed,H07,D117,1.0,2.0,2.68
CP0198,C0621,O00609,Delay,Phone,Medium,2024-09-17 07:15:00,Resolved,2,8.38,1,Parcel,East,East,71.86,2024-09-15 07:15:00,OnTime,H04,D161,0.0,0.0,4.72
CP0199,C0180,O01018,DriverBehaviour,App,High,2024-03-04 13:58:00,AwaitingCustomer,13,25.05,0,Parcel,West,Airport,98.9,2024-02-22 13:58:00,,,,,,
CP0200,C0256,O00267,DriverBehaviour,Phone,Medium,2024-01-28 20:20:00,AwaitingCustomer,1,8.85,0,Parcel,Airport,North,98.71,2024-01-16 20:20:00,OnTime,H05,D045,0.0,0.0,4.02
CP0201,C0168,O00485,Delay,Chatbot,Medium,2024-12-01 01:17:00,Resolved,13,24.03,1,Passenger,North,Central,95.19,2024-11-27 01:17:00,OnTime,H04,D100,0.0,1.0,3.97
CP0202,C0422,O00529,MissedPickup,Phone,Medium,2025-08-21 17:48:00,Resolved,7,6.73,1,Retail,East,Airport,355.62,2025-08-20 17:48:00,,,,,,
CP0203,C0279,O01030,DriverBehaviour,Phone,Medium,2025-09-10 08:36:00,Resolved,4,12.46,1,Parcel,Central,West,186.34,2025-08-29 08:36:00,OnTime,H08,D059,0.0,1.0,5.0
CP0204,C0140,O00720,Delay,Chatbot,Medium,2024-08-30 18:27:00,Open,4,0.0,0,Business,Airport,Airport,111.88,2024-08-29 18:27:00,OnTime,H01,D126,0.0,1.0,5.0
CP0205,C0104,O01005,MissedPickup,App,Medium,2025-05-11 17:35:00,AwaitingCustomer,5,20.67,0,Business,Riverside,South,127.67,2025-05-01 17:35:00,Failed,H07,D023,1.0,0.0,2.96
CP0206,C0627,O01119,DriverBehaviour,App,Medium,2024-04-08 09:03:00,Resolved,1,13.45,1,Medical,Central,North,47.89,2024-04-01 09:03:00,,,,,,
CP0207,C0173,O00792,AppIssue,Email,Low,2025-02-08 06:22:00,AwaitingCustomer,12,0.0,0,Retail,Riverside,South,156.57,2025-02-02 06:22:00,OnTime,H01,D087,0.0,1.0,3.22
CP0208,C0510,O01125,AppIssue,Phone,High,2025-06-26 11:43:00,AwaitingCustomer,20,26.22,0,Parcel,West,Central,47.38,2025-06-17 11:43:00,,,,,,
CP0209,C0447,O00171,MissedPickup,Email,Low,2025-05-08 02:08:00,Escalated,7,9.0,0,Parcel,Airport,Airport,63.41,2025-05-01 02:08:00,OnTime,H03,D158,0.0,0.0,5.0
CP0210,C0335,O00229,MissedPickup,Chatbot,Medium,2024-09-11 04:43:00,Resolved,10,28.12,1,Passenger,Central,Riverside,33.48,2024-08-31 04:43:00,Delayed,H07,D112,1.0,4.0,3.44
CP0211,C0191,O00125,Delay,App,Low,2025-09-18 16:27:00,Resolved,11,13.79,1,Retail,West,South,70.05,2025-09-17 16:27:00,,,,,,
CP0212,C0095,O01064,MissedPickup,App,Medium,2025-12-27 18:49:00,Resolved,3,19.18,1,Passenger,Central,Airport,48.29,2025-12-22 18:49:00,Delayed,H03,D062,1.0,2.0,4.7
CP0213,C0368,O00629,Delay,Email,Medium,2024-10-11 05:44:00,AwaitingCustomer,3,22.87,0,Retail,Riverside,South,55.3,2024-10-04 05:44:00,OnTime,H06,D164,0.0,0.0,4.7
CP0214,C0145,O00048,MissedPickup,App,High,2024-11-27 06:49:00,Resolved,12,61.85,1,Medical,Riverside,North,43.37,2024-11-22 06:49:00,,,,,,
CP0215,C0533,O00927,SupportExperience,Chatbot,High,2025-05-17 03:53:00,Resolved,15,29.11,1,Medical,North,West,76.32,2025-05-07 03:53:00,Failed,H05,D108,1.0,0.0,4.32
CP0216,C0084,O00644,Delay,App,Medium,2025-11-04 08:47:00,Resolved,4,32.45,1,Business,East,Airport,6.28,2025-11-03 08:47:00,Delayed,H08,D087,1.0,1.0,3.28
CP0217,C0571,O00941,DriverBehaviour,Phone,Medium,2024-08-18 12:54:00,Resolved,1,6.19,1,Passenger,West,West,110.52,2024-08-12 12:54:00,OnTime,H04,D116,0.0,0.0,5.0
CP0218,C0171,O01039,MissedPickup,App,Medium,2025-05-13 10:43:00,Resolved,7,19.7,1,Passenger,West,Riverside,84.17,2025-05-01 10:43:00,Failed,H07,D010,1.0,1.0,4.17
CP0219,C0232,O00540,Delay,Phone,Medium,2024-07-03 03:50:00,Resolved,6,22.23,1,Retail,East,West,142.72,2024-07-02 03:50:00,,,,,,
CP0220,C0097,O00254,AppIssue,Email,Low,2024-09-25 17:01:00,AwaitingCustomer,1,8.94,0,Parcel,North,West,115.81,2024-09-20 17:01:00,,,,,,
CP0221,C0032,O01034,Delay,Email,Low,2025-06-24 08:43:00,Resolved,11,8.34,1,Business,East,South,9.2,2025-06-20 08:43:00,,,,,,
CP0222,C0282,O00751,Delay,Email,Low,2024-07-01 00:51:00,Resolved,4,4.39,1,Business,North,West,152.61,2024-06-26 00:51:00,OnTime,H03,D166,0.0,2.0,3.82
CP0223,C0529,O01136,Delay,App,Low,2024-04-25 14:05:00,Resolved,6,2.44,1,Retail,Central,North,123.74,2024-04-17 14:05:00,,,,,,
CP0224,C0564,O00950,Delay,Chatbot,Low,2025-05-22 02:25:00,Resolved,14,25.81,1,Passenger,South,Airport,82.99,2025-05-18 02:25:00,,,,,,
CP0225,C0531,O00082,MissedPickup,Phone,Medium,2024-07-30 03:44:00,Open,11,20.66,0,Retail,Central,West,36.55,2024-07-30 03:44:00,OnTime,H06,D135,0.0,1.0,3.62
CP0226,C0292,O01129,Delay,Chatbot,Low,2025-03-26 15:04:00,Resolved,1,6.68,1,Medical,North,Airport,139.29,2025-03-23 15:04:00,Failed,H07,D055,1.0,2.0,3.61
CP0227,C0026,O00621,DriverBehaviour,Phone,Medium,2025-05-17 19:01:00,Resolved,8,9.16,1,Parcel,Airport,Airport,103.8,2025-05-15 19:01:00,Delayed,H02,D148,1.0,2.0,4.05
CP0228,C0242,O00920,Delay,Email,Medium,2024-08-02 11:42:00,Open,8,8.1,0,Passenger,Riverside,East,74.71,2024-08-01 11:42:00,OnTime,H08,D009,0.0,0.0,4.91
CP0229,C0272,O00541,MissedPickup,Chatbot,Low,2024-11-11 02:46:00,Escalated,11,4.1,0,Retail,West,East,126.42,2024-11-01 02:46:00,,,,,,
CP0230,C0054,O00445,AppIssue,App,Low,2025-04-26 22:53:00,Open,12,0.0,0,Passenger,South,Riverside,68.98,2025-04-18 22:53:00,Failed,H02,D051,1.0,1.0,3.18
CP0231,C0639,O00774,MissedPickup,Phone,Low,2025-09-22 23:01:00,Open,1,20.06,0,Parcel,Central,North,34.69,2025-09-19 23:01:00,,,,,,
CP0232,C0539,O00520,Delay,Email,Low,2024-07-12 13:21:00,Resolved,7,8.32,1,Passenger,Central,Airport,36.42,2024-07-07 13:21:00,Delayed,H08,D164,1.0,0.0,3.43
CP0233,C0339,O00884,MissedPickup,Email,Medium,2024-04-24 01:52:00,Resolved,3,10.05,1,Parcel,Central,West,16.66,2024-04-17 01:52:00,OnTime,H08,D096,0.0,0.0,3.59
CP0234,C0140,O00720,Billing,App,High,2024-08-31 18:27:00,Resolved,16,52.03,1,Business,Airport,Airport,111.88,2024-08-29 18:27:00,OnTime,H01,D126,0.0,1.0,5.0
CP0235,C0611,O00632,Delay,Chatbot,Medium,2024-08-09 21:40:00,Resolved,3,32.8,1,Passenger,Central,Central,33.21,2024-08-09 21:40:00,Delayed,H01,D127,1.0,5.0,3.32
CP0236,C0029,O00430,AppIssue,Phone,Medium,2025-01-17 01:45:00,Resolved,11,7.71,1,Retail,Central,South,40.49,2025-01-15 01:45:00,Failed,H07,D152,1.0,1.0,3.36
CP0237,C0508,O01171,DriverBehaviour,App,Medium,2024-12-21 00:50:00,Resolved,8,14.83,1,Passenger,Riverside,Central,52.73,2024-12-18 00:50:00,Failed,H08,D006,1.0,1.0,2.2
CP0238,C0014,O00731,MissedPickup,Phone,Medium,2024-03-14 19:38:00,Open,3,36.85,0,Passenger,East,Central,38.48,2024-03-09 19:38:00,,,,,,
CP0239,C0213,O00931,MissedPickup,App,High,2024-03-11 09:00:00,Resolved,20,27.41,1,Parcel,North,North,70.8,2024-03-07 09:00:00,OnTime,H03,D154,0.0,0.0,5.0
CP0240,C0428,O00220,DriverBehaviour,Chatbot,Medium,2024-05-31 08:24:00,Open,7,0.0,0,Medical,Central,West,136.63,2024-05-27 08:24:00,,,,,,
CP0241,C0351,O00989,Delay,Phone,High,2024-03-17 12:01:00,Resolved,14,42.27,1,Medical,North,Central,89.8,2024-03-08 12:01:00,Failed,H05,D133,1.0,0.0,2.25
CP0242,C0345,O01211,AppIssue,Chatbot,Low,2025-11-18 07:13:00,Open,7,2.97,0,Medical,South,South,17.36,2025-11-12 07:13:00,OnTime,H06,D114,0.0,0.0,4.47
CP0243,C0390,O00736,DriverBehaviour,Chatbot,Medium,2024-01-26 22:33:00,Escalated,3,23.87,0,Parcel,Central,East,78.13,2024-01-24 22:33:00,OnTime,H01,D105,0.0,1.0,4.72
CP0244,C0575,O01168,MissedPickup,Chatbot,Low,2024-12-21 21:12:00,Open,1,6.72,0,Passenger,Airport,Central,30.78,2024-12-15 21:12:00,Delayed,H07,D136,1.0,4.0,2.96
CP0245,C0646,O00385,AppIssue,Phone,High,2025-11-02 15:32:00,Resolved,17,16.36,1,Passenger,Riverside,Riverside,226.69,2025-10-24 15:32:00,OnTime,H03,D117,0.0,0.0,4.16
CP0246,C0343,O00307,DriverBehaviour,Email,Medium,2025-01-04 22:15:00,Resolved,3,15.88,1,Parcel,East,Riverside,73.14,2024-12-25 22:15:00,,,,,,
CP0247,C0269,O00573,AppIssue,Email,Medium,2024-04-30 09:36:00,Resolved,3,14.92,1,Retail,Central,Central,150.38,2024-04-22 09:36:00,,,,,,
CP0248,C0452,O00116,Billing,Phone,Low,2025-03-16 15:46:00,Open,5,1.45,0,Passenger,North,Airport,56.59,2025-03-09 15:46:00,OnTime,H08,D120,0.0,0.0,5.0
CP0249,C0074,O00824,DriverBehaviour,Email,Low,2024-08-21 20:47:00,Open,5,10.32,0,Retail,South,East,271.33,2024-08-17 20:47:00,OnTime,H03,D077,0.0,0.0,4.18
CP0250,C0626,O00948,Delay,Email,Medium,2025-05-17 03:07:00,Escalated,1,0.0,0,Business,North,West,60.77,2025-05-14 03:07:00,Delayed,H02,D096,1.0,2.0,3.98
CP0251,C0399,O00169,Delay,Chatbot,Low,2025-12-04 12:34:00,Resolved,4,0.0,1,Retail,East,North,84.09,2025-12-03 12:34:00,OnTime,H08,D160,0.0,2.0,4.31
CP0252,C0142,O00795,MissedPickup,Email,High,2025-06-19 13:49:00,Resolved,13,42.64,1,Retail,Riverside,Central,42.52,2025-06-15 13:49:00,,,,,,
CP0253,C0567,O00012,AppIssue,App,Medium,2024-01-25 12:45:00,Resolved,13,22.73,1,Business,East,Airport,135.67,2024-01-16 12:45:00,OnTime,H04,D075,0.0,0.0,4.12
CP0254,C0072,O00626,SupportExperience,Chatbot,Low,2025-01-06 12:54:00,AwaitingCustomer,1,7.49,0,Parcel,North,North,24.6,2024-12-28 12:54:00,,,,,,
CP0255,C0004,O01153,Delay,Phone,Low,2025-01-18 03:57:00,Escalated,3,0.0,0,Business,Central,Airport,59.44,2025-01-06 03:57:00,,,,,,
CP0256,C0191,O00125,AppIssue,App,Medium,2025-09-21 16:27:00,Resolved,3,24.06,1,Retail,West,South,70.05,2025-09-17 16:27:00,,,,,,
CP0257,C0381,O00271,DriverBehaviour,Phone,Low,2025-09-25 21:51:00,Open,2,10.53,0,Passenger,West,Central,192.54,2025-09-16 21:51:00,OnTime,H07,D102,0.0,0.0,3.56
CP0258,C0013,O00531,SupportExperience,App,Medium,2025-05-06 08:49:00,Open,16,9.98,0,Business,Airport,Airport,157.07,2025-04-26 08:49:00,OnTime,H02,D119,0.0,2.0,4.17
CP0259,C0545,O00959,AppIssue,App,Medium,2024-08-13 18:39:00,AwaitingCustomer,12,14.36,0,Medical,Airport,South,88.7,2024-08-09 18:39:00,,,,,,
CP0260,C0250,O00231,MissedPickup,Chatbot,High,2024-12-15 23:23:00,Resolved,5,24.73,1,Passenger,East,South,69.44,2024-12-15 23:23:00,Delayed,H07,D016,1.0,0.0,2.75
CP0261,C0566,O00249,AppIssue,Email,High,2024-11-10 18:22:00,Open,18,47.09,0,Business,Central,West,218.68,2024-11-07 18:22:00,Delayed,H05,D042,1.0,3.0,4.44
CP0262,C0491,O00438,AppIssue,Chatbot,Low,2026-01-06 18:23:00,Resolved,8,29.25,1,Business,North,West,27.39,2025-12-29 18:23:00,OnTime,H03,D119,0.0,3.0,4.26
CP0263,C0561,O00270,Delay,Phone,Medium,2025-11-07 15:25:00,AwaitingCustomer,3,27.52,0,Business,West,Central,140.61,2025-10-26 15:25:00,OnTime,H05,D157,0.0,0.0,4.41
CP0264,C0054,O01063,MissedPickup,Email,Medium,2024-08-01 20:15:00,Escalated,1,12.41,0,Retail,East,Riverside,47.11,2024-07-27 20:15:00,OnTime,H04,D034,0.0,0.0,4.0
CP0265,C0115,O00336,DriverBehaviour,Chatbot,Low,2024-01-10 04:58:00,Escalated,7,14.36,0,Retail,West,Central,108.38,2024-01-10 04:58:00,OnTime,H06,D009,0.0,2.0,4.04
CP0266,C0544,O00050,Damage,App,High,2024-03-30 13:44:00,Open,15,38.9,0,Passenger,North,Central,33.93,2024-03-29 13:44:00,,,,,,
CP0267,C0521,O00111,DriverBehaviour,App,Medium,2025-07-25 11:53:00,AwaitingCustomer,3,15.26,0,Retail,East,Central,52.06,2025-07-18 11:53:00,,,,,,
CP0268,C0445,O00675,AppIssue,App,Medium,2024-02-27 17:22:00,Open,14,37.15,0,Business,Riverside,North,47.44,2024-02-19 17:22:00,OnTime,H06,D126,0.0,0.0,4.37
CP0269,C0172,O00330,SupportExperience,Email,Medium,2025-04-20 06:37:00,Resolved,3,17.96,1,Medical,West,Riverside,49.61,2025-04-08 06:37:00,,,,,,
CP0270,C0208,O00636,Billing,Email,Medium,2024-06-30 07:22:00,Resolved,6,23.97,1,Medical,West,North,134.63,2024-06-20 07:22:00,Delayed,H03,D004,1.0,0.0,1.0
CP0271,C0573,O00393,Delay,Chatbot,High,2025-10-08 17:42:00,Resolved,18,33.09,1,Parcel,Central,East,64.93,2025-10-05 17:42:00,,,,,,
CP0272,C0208,O00771,Delay,App,Medium,2025-07-29 22:53:00,Resolved,10,12.97,1,Passenger,East,West,32.94,2025-07-27 22:53:00,Delayed,H03,D134,1.0,0.0,2.94
CP0273,C0010,O00481,Delay,Phone,Medium,2025-04-20 22:35:00,Resolved,10,15.73,1,Retail,South,West,10.74,2025-04-12 22:35:00,,,,,,
CP0274,C0622,O00190,SupportExperience,App,Medium,2025-01-01 06:44:00,AwaitingCustomer,7,0.0,0,Parcel,South,North,31.72,2024-12-28 06:44:00,OnTime,H01,D150,0.0,0.0,3.68
CP0275,C0109,O00071,MissedPickup,App,Medium,2024-09-03 22:15:00,AwaitingCustomer,10,18.13,0,Medical,North,South,157.58,2024-08-31 22:15:00,Failed,H08,D018,1.0,1.0,4.2
CP0276,C0015,O01124,AppIssue,Phone,High,2024-05-14 16:45:00,Resolved,12,19.46,1,Business,Riverside,South,148.02,2024-05-02 16:45:00,OnTime,H04,D017,0.0,0.0,3.76
CP0277,C0444,O01088,MissedPickup,App,High,2024-12-05 10:32:00,AwaitingCustomer,7,46.17,0,Parcel,North,West,49.16,2024-12-02 10:32:00,OnTime,H08,D049,0.0,1.0,4.8
CP0278,C0285,O00483,MissedPickup,Phone,Medium,2024-11-27 00:34:00,Escalated,7,12.14,0,Business,Riverside,North,117.11,2024-11-17 00:34:00,Failed,H08,D133,1.0,1.0,5.0
CP0279,C0573,O00031,Billing,App,Medium,2024-10-27 03:17:00,Resolved,1,19.87,1,Passenger,East,Airport,55.14,2024-10-25 03:17:00,Failed,H01,D165,1.0,1.0,1.41
CP0280,C0369,O00753,DriverBehaviour,Email,Medium,2025-01-18 02:40:00,Resolved,6,3.44,1,Parcel,Airport,Riverside,176.31,2025-01-18 02:40:00,OnTime,H02,D056,0.0,1.0,4.66
CP0281,C0510,O01125,MissedPickup,Chatbot,High,2025-06-25 11:43:00,Resolved,11,44.57,1,Parcel,West,Central,47.38,2025-06-17 11:43:00,,,,,,
CP0282,C0335,O00601,DriverBehaviour,Email,Medium,2025-06-03 04:16:00,Escalated,4,18.1,0,Retail,North,South,49.24,2025-05-23 04:16:00,OnTime,H08,D136,0.0,2.0,3.9
CP0283,C0252,O00401,DriverBehaviour,Email,High,2024-06-30 11:15:00,Open,11,61.11,0,Medical,East,Airport,28.61,2024-06-22 11:15:00,OnTime,H07,D049,0.0,0.0,3.77
CP0284,C0211,O00545,AppIssue,Phone,Medium,2025-04-22 01:02:00,Resolved,9,32.59,1,Parcel,Central,North,100.18,2025-04-17 01:02:00,,,,,,
CP0285,C0172,O00773,MissedPickup,App,High,2024-01-25 23:46:00,Resolved,12,37.06,1,Parcel,North,South,114.02,2024-01-24 23:46:00,,,,,,
CP0286,C0015,O00873,DriverBehaviour,App,High,2024-12-05 12:06:00,Resolved,10,0.0,1,Parcel,North,South,106.49,2024-11-28 12:06:00,OnTime,H03,D004,0.0,0.0,3.99
CP0287,C0405,O00971,DriverBehaviour,Phone,High,2025-12-27 15:30:00,Open,20,0.0,0,Parcel,Central,South,14.62,2025-12-21 15:30:00,,,,,,
CP0288,C0459,O01202,Delay,Phone,Medium,2024-11-14 15:24:00,Escalated,5,20.75,0,Retail,East,North,65.73,2024-11-14 15:24:00,OnTime,H01,D155,0.0,0.0,3.64
CP0289,C0532,O01012,MissedPickup,App,Medium,2025-03-14 05:05:00,Resolved,1,25.56,1,Retail,Riverside,Central,99.1,2025-03-08 05:05:00,Delayed,H02,D006,1.0,0.0,2.81
CP0290,C0259,O00351,SupportExperience,App,Medium,2024-05-03 03:31:00,Resolved,6,18.82,1,Parcel,Airport,West,20.77,2024-04-22 03:31:00,OnTime,H01,D038,0.0,2.0,4.04
CP0291,C0515,O00588,SupportExperience,Phone,Medium,2024-06-11 11:49:00,AwaitingCustomer,7,20.04,0,Passenger,Airport,Airport,236.46,2024-06-03 11:49:00,OnTime,H05,D043,0.0,1.0,3.7
CP0292,C0187,O00765,MissedPickup,Phone,Low,2024-07-21 03:25:00,Open,11,15.26,0,Retail,Central,West,60.26,2024-07-13 03:25:00,Failed,H05,D024,1.0,2.0,2.4
CP0293,C0449,O00202,DriverBehaviour,Phone,Medium,2024-02-02 01:04:00,Resolved,3,28.0,1,Passenger,South,West,20.68,2024-02-02 01:04:00,OnTime,H04,D074,0.0,0.0,4.36
CP0294,C0339,O00089,AppIssue,Phone,High,2025-04-30 18:23:00,Open,19,39.64,0,Medical,South,North,52.58,2025-04-24 18:23:00,Failed,H05,D103,1.0,2.0,2.8
CP0295,C0182,O01107,Billing,Email,Medium,2024-01-30 07:32:00,Open,1,4.94,0,Business,Airport,Central,282.35,2024-01-25 07:32:00,Delayed,H04,D082,1.0,2.0,4.22
CP0296,C0243,O00041,MissedPickup,Phone,Medium,2024-09-17 13:42:00,Resolved,1,6.59,1,Retail,Riverside,West,19.15,2024-09-17 13:42:00,,,,,,
CP0297,C0571,O00776,Delay,App,Low,2025-03-07 00:53:00,Resolved,6,5.67,1,Parcel,Riverside,East,108.49,2025-03-03 00:53:00,OnTime,H04,D014,0.0,0.0,4.54
CP0298,C0285,O00483,Delay,App,Medium,2024-11-19 00:34:00,Escalated,1,16.85,0,Business,Riverside,North,117.11,2024-11-17 00:34:00,Failed,H08,D133,1.0,1.0,5.0
CP0299,C0178,O00326,Delay,App,High,2024-11-15 09:05:00,Open,11,0.0,0,Passenger,West,West,242.48,2024-11-03 09:05:00,Delayed,H06,D056,1.0,0.0,2.51
CP0300,C0408,O00553,SupportExperience,Phone,Low,2024-01-15 20:55:00,Open,14,4.56,0,Retail,North,Riverside,32.16,2024-01-06 20:55:00,,,,,,
CP0301,C0023,O00414,DriverBehaviour,Phone,Medium,2025-04-05 20:30:00,Resolved,4,16.83,1,Parcel,South,West,283.98,2025-04-05 20:30:00,OnTime,H07,D165,0.0,0.0,3.92
CP0302,C0372,O00373,MissedPickup,Chatbot,High,2024-06-03 20:00:00,Resolved,8,37.07,1,Parcel,North,Central,95.4,2024-05-26 20:00:00,,,,,,
CP0303,C0294,O00872,MissedPickup,App,Low,2024-11-11 11:01:00,Open,9,15.19,0,Medical,East,South,113.37,2024-11-03 11:01:00,,,,,,
CP0304,C0178,O00455,Delay,Phone,Medium,2024-08-14 02:36:00,Open,7,20.69,0,Passenger,Airport,Airport,144.79,2024-08-14 02:36:00,Failed,H07,D042,1.0,1.0,3.21
CP0305,C0226,O01015,DriverBehaviour,Chatbot,High,2025-08-08 21:14:00,Resolved,11,37.25,1,Passenger,Riverside,Central,40.54,2025-08-06 21:14:00,,,,,,
CP0306,C0004,O00081,Damage,App,High,2025-04-26 12:53:00,Resolved,21,35.58,1,Passenger,West,Airport,208.38,2025-04-17 12:53:00,Failed,H08,D108,1.0,1.0,4.11
CP0307,C0248,O00900,DriverBehaviour,Chatbot,Medium,2024-09-20 00:05:00,Resolved,4,0.0,1,Passenger,Riverside,Airport,100.64,2024-09-20 00:05:00,,,,,,
CP0308,C0597,O00865,DriverBehaviour,Phone,High,2024-03-28 00:53:00,Resolved,13,37.97,1,Parcel,East,South,55.13,2024-03-22 00:53:00,OnTime,H03,D017,0.0,1.0,3.19
CP0309,C0175,O01106,Damage,Email,High,2024-03-01 00:14:00,Resolved,7,57.63,1,Business,East,Central,22.49,2024-02-28 00:14:00,OnTime,H02,D060,0.0,0.0,4.05
CP0310,C0421,O00219,DriverBehaviour,Phone,High,2024-06-08 23:42:00,Resolved,13,45.71,1,Passenger,East,South,62.84,2024-05-29 23:42:00,OnTime,H06,D012,0.0,0.0,4.29
CP0311,C0636,O00894,DriverBehaviour,App,High,2024-01-15 22:16:00,Resolved,19,0.0,1,Parcel,East,Airport,114.94,2024-01-14 22:16:00,Delayed,H01,D138,1.0,1.0,3.85
CP0312,C0026,O00341,Delay,App,Medium,2024-12-23 20:58:00,Open,12,19.78,0,Retail,Riverside,East,36.59,2024-12-13 20:58:00,,,,,,
CP0313,C0028,O00290,Delay,Chatbot,Low,2024-09-27 22:30:00,Resolved,2,8.86,1,Medical,Central,West,54.76,2024-09-21 22:30:00,,,,,,
CP0314,C0378,O00443,SupportExperience,App,Low,2025-10-28 00:06:00,Resolved,6,4.67,1,Parcel,North,Riverside,63.8,2025-10-20 00:06:00,OnTime,H08,D093,0.0,0.0,4.39
CP0315,C0517,O00645,MissedPickup,Chatbot,High,2024-12-28 21:06:00,Resolved,14,58.16,1,Passenger,South,Central,82.91,2024-12-26 21:06:00,OnTime,H08,D097,0.0,1.0,4.21
CP0316,C0454,O00055,MissedPickup,Phone,Medium,2025-06-05 23:44:00,Resolved,7,12.97,1,Retail,Airport,Riverside,73.7,2025-05-30 23:44:00,Delayed,H03,D074,1.0,0.0,3.55
CP0317,C0631,O00406,DriverBehaviour,Chatbot,Medium,2025-01-17 13:07:00,Resolved,6,26.52,1,Retail,Airport,Riverside,59.17,2025-01-05 13:07:00,OnTime,H06,D160,0.0,2.0,4.38
CP0318,C0056,O00628,Delay,App,Medium,2024-11-02 10:05:00,Open,5,20.42,0,Passenger,Riverside,North,52.85,2024-10-26 10:05:00,Delayed,H08,D170,1.0,0.0,3.68
CP0319,C0325,O00167,Delay,Email,Medium,2024-04-27 20:46:00,Resolved,2,11.9,1,Medical,East,East,24.78,2024-04-27 20:46:00,OnTime,H07,D146,0.0,0.0,3.37
CP0320,C0207,O01179,MissedPickup,Email,Medium,2025-10-16 18:48:00,Resolved,1,1.97,1,Passenger,Riverside,Central,64.87,2025-10-13 18:48:00,Delayed,H06,D097,1.0,1.0,3.0
